<?xml version="1.0" encoding="UTF-8" ?>
<templates xml:space="preserve">
    <t t-name="sales_dashboard_owl19.SalesDashboard">
        <Layout t-props="{display:display, className:'o_dashboard h-100 p-4 bg-light'}">
            <t t-set-slot="layout-buttons">
                <div class="dashboard-actions d-flex gap-2">
                    <button class="btn btn-outline-primary" t-on-click="openDraftOrders">
                        Draft Orders
                    </button>
                    <button class="btn btn-outline-success" t-on-click="openConfirmedSaleOrders">
                        Confirmed Orders
                    </button>
                    <button class="btn btn-outline-danger" t-on-click="openCancelSaleOrders">
                        Cancelled Orders
                    </button>
                </div>
            </t>

            <!-- ====== Stats Cards ====== -->
            <div class="row g-4 mt-2">
                <!-- Draft -->
                <div class="col-md-4">
                    <div class="stat-card stat-card-primary shadow-sm p-3 rounded">
                        <h5 class="stat-card-title">Total Draft Orders</h5>
                        <a href="#" class="stat-value text-gradient-primary d-block"
                           t-on-click.prevent="openDraftOrders">
                            <t t-esc="state.statisticas_data.draft_orders"/>
                        </a>
                        <a href="#" class="stat-sub d-block"
                           t-on-click.prevent="openDraftOrders">
                            <t t-esc="state.statisticas_data.total_draft_orders"/>
                        </a>
                    </div>
                </div>

                <!-- Confirmed -->
                <div class="col-md-4">
                    <div class="stat-card stat-card-success shadow-sm p-3 rounded">
                        <h5 class="stat-card-title">Total Confirmed Orders</h5>
                        <a href="#" class="stat-value text-gradient-success d-block"
                           t-on-click.prevent="openConfirmedSaleOrders">
                            <t t-esc="state.statisticas_data.confirmed_orders"/>
                        </a>
                        <a href="#" class="stat-sub d-block"
                           t-on-click.prevent="openConfirmedSaleOrders">
                            <t t-esc="state.statisticas_data.total_confirmed_orders"/>
                        </a>
                    </div>
                </div>

                <!-- Cancelled -->
                <div class="col-md-4">
                    <div class="stat-card stat-card-danger shadow-sm p-3 rounded">
                        <h5 class="stat-card-title">Total Cancelled Orders</h5>
                        <a href="#" class="stat-value text-gradient-danger d-block"
                           t-on-click.prevent="openCancelSaleOrders">
                            <t t-esc="state.statisticas_data.canceled_orders"/>
                        </a>
                        <a href="#" class="stat-sub d-block"
                           t-on-click.prevent="openCancelSaleOrders">
                            <t t-esc="state.statisticas_data.total_canceled_orders"/>
                        </a>
                    </div>
                </div>
            </div>

            <!-- ====== Charts Section ====== -->
            <div class="row mt-4 g-4 align-items-center">
                <div class="col-md-5 text-center">
                    <PieChart/>
                </div>
                <div class="col-md-7">
                    <BarChart/>
                </div>
            </div>
            <!-- ====== Line Chart Section ====== -->
            <div class="row mt-4 g-4">
                <div class="col-12">
                    <LineChart/>
                </div>
            </div>
        </Layout>
    </t>
</templates>
